[
    {
        "name": "Rainbow Pigeon",
        "image": "rainbow.webp",
        "description": "Wanted by the SEE-IA for crimes against humanity. Has a personal stockpile of illegally obtained credit card numbers.",
        "website": "https://rainbowpigeon.me/"
    },
    {
        "name": "Ice Pigeon",
        "image": "ice.jpeg",
        "description": "A special kind of drone that can fly in the cold. It is used for espionage campaigns in the Arctic.",
        "website": "https://en.wikipedia.org/wiki/Ice_pigeon"
    },
    {
        "name": "Egyptian Swift Pigeon",
        "image": "egyptian.jpeg",
        "description": "A pigeon that can fly at speeds of up to 100 mph. It is used for espionage campaigns in the Middle East.",
        "website": "https://en.wikipedia.org/wiki/Egyptian_Swift_pigeon"
    }
]